{
    "RPT": {
        "ScanTime": "0.04 sec.",
        "ScanFile": "20210713_shiningstar_39b938430ab7bd977962_20210713104858_scan.json",
        "Warnings": 0,
        "Success": 6
    },
    "SRV": {
        "PHP": {
            "websrv": true,
            "openbase": true,
            "maxtime": true,
            "mysqli": true,
            "version": true
        },
        "SYS": {
            "managedHost": true,
            "ALL": "Good"
        },
        "WP": {
            "version": true,
            "core": true,
            "ismu": false,
            "ALL": "Good"
        }
    },
    "ARC": {
        "Size": "0B",
        "DirCount": "0",
        "FileCount": "0",
        "FullCount": "0",
        "WarnFileCount": 0,
        "WarnDirCount": 0,
        "UnreadableDirCount": 0,
        "UnreadableFileCount": 0,
        "FilterDirsAll": [
            "\/home3\/sitezeal\/shiningstarproductionsmb.ca\/.opcache",
            "\/home3\/sitezeal\/shiningstarproductionsmb.ca\/wp-content\/ai1wm-backups",
            "\/home3\/sitezeal\/shiningstarproductionsmb.ca\/wp-content\/backups-dup-lite",
            "\/home3\/sitezeal\/shiningstarproductionsmb.ca\/wp-content\/backups-dup-pro",
            "\/home3\/sitezeal\/shiningstarproductionsmb.ca\/wp-content\/backupwordpress",
            "\/home3\/sitezeal\/shiningstarproductionsmb.ca\/wp-content\/bps-backup",
            "\/home3\/sitezeal\/shiningstarproductionsmb.ca\/wp-content\/cache",
            "\/home3\/sitezeal\/shiningstarproductionsmb.ca\/wp-content\/content\/cache",
            "\/home3\/sitezeal\/shiningstarproductionsmb.ca\/wp-content\/contents\/cache",
            "\/home3\/sitezeal\/shiningstarproductionsmb.ca\/wp-content\/infinitewp\/backups",
            "\/home3\/sitezeal\/shiningstarproductionsmb.ca\/wp-content\/managewp\/backups",
            "\/home3\/sitezeal\/shiningstarproductionsmb.ca\/wp-content\/old-cache",
            "\/home3\/sitezeal\/shiningstarproductionsmb.ca\/wp-content\/plugins\/all-in-one-wp-migration\/storage",
            "\/home3\/sitezeal\/shiningstarproductionsmb.ca\/wp-content\/updraft",
            "\/home3\/sitezeal\/shiningstarproductionsmb.ca\/wp-content\/uploads\/aiowps_backups",
            "\/home3\/sitezeal\/shiningstarproductionsmb.ca\/wp-content\/uploads\/backupbuddy_backups",
            "\/home3\/sitezeal\/shiningstarproductionsmb.ca\/wp-content\/uploads\/backupbuddy_temp",
            "\/home3\/sitezeal\/shiningstarproductionsmb.ca\/wp-content\/uploads\/backwpup-46a7e6-backups\/",
            "\/home3\/sitezeal\/shiningstarproductionsmb.ca\/wp-content\/uploads\/backwpup-46a7e6-logs\/",
            "\/home3\/sitezeal\/shiningstarproductionsmb.ca\/wp-content\/uploads\/ithemes-security\/backups",
            "\/home3\/sitezeal\/shiningstarproductionsmb.ca\/wp-content\/uploads\/mainwp\/backup",
            "\/home3\/sitezeal\/shiningstarproductionsmb.ca\/wp-content\/uploads\/pb_backupbuddy",
            "\/home3\/sitezeal\/shiningstarproductionsmb.ca\/wp-content\/uploads\/snapshots",
            "\/home3\/sitezeal\/shiningstarproductionsmb.ca\/wp-content\/uploads\/sucuri",
            "\/home3\/sitezeal\/shiningstarproductionsmb.ca\/wp-content\/uploads\/wp-clone",
            "\/home3\/sitezeal\/shiningstarproductionsmb.ca\/wp-content\/uploads\/wp_all_backup",
            "\/home3\/sitezeal\/shiningstarproductionsmb.ca\/wp-content\/uploads\/wpbackitup_backups",
            "\/home3\/sitezeal\/shiningstarproductionsmb.ca\/wp-content\/wfcache",
            "\/home3\/sitezeal\/shiningstarproductionsmb.ca\/wp-content\/wishlist-backup",
            "\/home3\/sitezeal\/shiningstarproductionsmb.ca\/wp-snapshots"
        ],
        "FilterFilesAll": [
            "error_log",
            "error.log",
            "debug_log",
            "ws_ftp.log",
            "dbcache",
            "pgcache",
            "objectcache",
            ".DS_Store",
            "\/home3\/sitezeal\/shiningstarproductionsmb.ca\/.htaccess",
            "\/home3\/sitezeal\/shiningstarproductionsmb.ca\/web.config",
            "\/home3\/sitezeal\/shiningstarproductionsmb.ca\/wp-config.php"
        ],
        "FilterExtsAll": [],
        "FilterInfo": {
            "Dirs": {
                "Warning": [],
                "Unreadable": [],
                "AddonSites": [],
                "Core": [
                    "\/home3\/sitezeal\/shiningstarproductionsmb.ca\/wp-snapshots",
                    "\/home3\/sitezeal\/shiningstarproductionsmb.ca\/wp-content\/backups-dup-lite",
                    "\/home3\/sitezeal\/shiningstarproductionsmb.ca\/.opcache",
                    "\/home3\/sitezeal\/shiningstarproductionsmb.ca\/wp-content\/backups-dup-pro",
                    "\/home3\/sitezeal\/shiningstarproductionsmb.ca\/wp-content\/ai1wm-backups",
                    "\/home3\/sitezeal\/shiningstarproductionsmb.ca\/wp-content\/backupwordpress",
                    "\/home3\/sitezeal\/shiningstarproductionsmb.ca\/wp-content\/content\/cache",
                    "\/home3\/sitezeal\/shiningstarproductionsmb.ca\/wp-content\/contents\/cache",
                    "\/home3\/sitezeal\/shiningstarproductionsmb.ca\/wp-content\/infinitewp\/backups",
                    "\/home3\/sitezeal\/shiningstarproductionsmb.ca\/wp-content\/managewp\/backups",
                    "\/home3\/sitezeal\/shiningstarproductionsmb.ca\/wp-content\/old-cache",
                    "\/home3\/sitezeal\/shiningstarproductionsmb.ca\/wp-content\/plugins\/all-in-one-wp-migration\/storage",
                    "\/home3\/sitezeal\/shiningstarproductionsmb.ca\/wp-content\/updraft",
                    "\/home3\/sitezeal\/shiningstarproductionsmb.ca\/wp-content\/wishlist-backup",
                    "\/home3\/sitezeal\/shiningstarproductionsmb.ca\/wp-content\/wfcache",
                    "\/home3\/sitezeal\/shiningstarproductionsmb.ca\/wp-content\/bps-backup",
                    "\/home3\/sitezeal\/shiningstarproductionsmb.ca\/wp-content\/cache",
                    "\/home3\/sitezeal\/shiningstarproductionsmb.ca\/wp-content\/uploads\/aiowps_backups",
                    "\/home3\/sitezeal\/shiningstarproductionsmb.ca\/wp-content\/uploads\/backupbuddy_temp",
                    "\/home3\/sitezeal\/shiningstarproductionsmb.ca\/wp-content\/uploads\/backupbuddy_backups",
                    "\/home3\/sitezeal\/shiningstarproductionsmb.ca\/wp-content\/uploads\/ithemes-security\/backups",
                    "\/home3\/sitezeal\/shiningstarproductionsmb.ca\/wp-content\/uploads\/mainwp\/backup",
                    "\/home3\/sitezeal\/shiningstarproductionsmb.ca\/wp-content\/uploads\/pb_backupbuddy",
                    "\/home3\/sitezeal\/shiningstarproductionsmb.ca\/wp-content\/uploads\/snapshots",
                    "\/home3\/sitezeal\/shiningstarproductionsmb.ca\/wp-content\/uploads\/sucuri",
                    "\/home3\/sitezeal\/shiningstarproductionsmb.ca\/wp-content\/uploads\/wp-clone",
                    "\/home3\/sitezeal\/shiningstarproductionsmb.ca\/wp-content\/uploads\/wp_all_backup",
                    "\/home3\/sitezeal\/shiningstarproductionsmb.ca\/wp-content\/uploads\/wpbackitup_backups",
                    "\/home3\/sitezeal\/shiningstarproductionsmb.ca\/wp-content\/uploads\/backwpup-46a7e6-backups\/",
                    "\/home3\/sitezeal\/shiningstarproductionsmb.ca\/wp-content\/uploads\/backwpup-46a7e6-logs\/"
                ],
                "Global": [],
                "Instance": []
            },
            "Files": {
                "Size": [],
                "Warning": [],
                "Unreadable": [],
                "AddonSites": [],
                "Core": [],
                "Global": [
                    "error_log",
                    "error.log",
                    "debug_log",
                    "ws_ftp.log",
                    "dbcache",
                    "pgcache",
                    "objectcache",
                    ".DS_Store"
                ],
                "Instance": []
            },
            "Exts": {
                "Core": [],
                "Global": [],
                "Instance": []
            },
            "UDirCount": 0,
            "UFileCount": 0,
            "UExtCount": 0,
            "TreeSize": [],
            "TreeWarning": []
        },
        "RecursiveLinks": [],
        "UnreadableItems": [],
        "Status": {
            "Size": "Good",
            "Names": "Good",
            "UnreadableItems": "Good",
            "MigratePackage": "Good",
            "CanbeMigratePackage": true,
            "showCreateProcFuncStatus": "Good",
            "showCreateProcFunc": true,
            "AddonSites": "Good"
        },
        "Dirs": [],
        "Files": []
    },
    "DB": {
        "Status": {
            "Success": true,
            "DB_Case": "Good",
            "DB_Rows": "Good",
            "DB_Size": "Good",
            "TBL_Case": "Good",
            "TBL_Rows": "Good",
            "TBL_Size": "Good",
            "Triggers": "Good"
        },
        "Size": "7.09MB",
        "Rows": "1,060",
        "TableCount": 32,
        "TableList": {
            "wphr_actionscheduler_actions": {
                "Case": 0,
                "Rows": "6",
                "Size": "128KB",
                "USize": 131072
            },
            "wphr_actionscheduler_claims": {
                "Case": 0,
                "Rows": "0",
                "Size": "32KB",
                "USize": 32768
            },
            "wphr_actionscheduler_groups": {
                "Case": 0,
                "Rows": "2",
                "Size": "32KB",
                "USize": 32768
            },
            "wphr_actionscheduler_logs": {
                "Case": 0,
                "Rows": "16",
                "Size": "48KB",
                "USize": 49152
            },
            "wphr_commentmeta": {
                "Case": 0,
                "Rows": "0",
                "Size": "48KB",
                "USize": 49152
            },
            "wphr_comments": {
                "Case": 0,
                "Rows": "0",
                "Size": "96KB",
                "USize": 98304
            },
            "wphr_duplicator_packages": {
                "Case": 0,
                "Rows": "0",
                "Size": "32KB",
                "USize": 32768
            },
            "wphr_layerslider": {
                "Case": 0,
                "Rows": "0",
                "Size": "16KB",
                "USize": 16384
            },
            "wphr_layerslider_revisions": {
                "Case": 0,
                "Rows": "0",
                "Size": "16KB",
                "USize": 16384
            },
            "wphr_links": {
                "Case": 0,
                "Rows": "0",
                "Size": "32KB",
                "USize": 32768
            },
            "wphr_options": {
                "Case": 0,
                "Rows": "306",
                "Size": "4.06MB",
                "USize": 4259840
            },
            "wphr_postmeta": {
                "Case": 0,
                "Rows": "417",
                "Size": "336KB",
                "USize": 344064
            },
            "wphr_posts": {
                "Case": 0,
                "Rows": "122",
                "Size": "1.52MB",
                "USize": 1589248
            },
            "wphr_revslider_css": {
                "Case": 0,
                "Rows": "109",
                "Size": "144KB",
                "USize": 147456
            },
            "wphr_revslider_css_bkp": {
                "Case": 0,
                "Rows": "47",
                "Size": "32KB",
                "USize": 32768
            },
            "wphr_revslider_layer_animations": {
                "Case": 0,
                "Rows": "0",
                "Size": "16KB",
                "USize": 16384
            },
            "wphr_revslider_layer_animations_bkp": {
                "Case": 0,
                "Rows": "0",
                "Size": "16KB",
                "USize": 16384
            },
            "wphr_revslider_navigations": {
                "Case": 0,
                "Rows": "0",
                "Size": "16KB",
                "USize": 16384
            },
            "wphr_revslider_navigations_bkp": {
                "Case": 0,
                "Rows": "0",
                "Size": "16KB",
                "USize": 16384
            },
            "wphr_revslider_sliders": {
                "Case": 0,
                "Rows": "0",
                "Size": "32KB",
                "USize": 32768
            },
            "wphr_revslider_sliders_bkp": {
                "Case": 0,
                "Rows": "0",
                "Size": "32KB",
                "USize": 32768
            },
            "wphr_revslider_slides": {
                "Case": 0,
                "Rows": "0",
                "Size": "32KB",
                "USize": 32768
            },
            "wphr_revslider_slides_bkp": {
                "Case": 0,
                "Rows": "0",
                "Size": "32KB",
                "USize": 32768
            },
            "wphr_revslider_static_slides": {
                "Case": 0,
                "Rows": "0",
                "Size": "32KB",
                "USize": 32768
            },
            "wphr_revslider_static_slides_bkp": {
                "Case": 0,
                "Rows": "0",
                "Size": "32KB",
                "USize": 32768
            },
            "wphr_term_relationships": {
                "Case": 0,
                "Rows": "7",
                "Size": "32KB",
                "USize": 32768
            },
            "wphr_term_taxonomy": {
                "Case": 0,
                "Rows": "0",
                "Size": "48KB",
                "USize": 49152
            },
            "wphr_termmeta": {
                "Case": 0,
                "Rows": "0",
                "Size": "48KB",
                "USize": 49152
            },
            "wphr_terms": {
                "Case": 0,
                "Rows": "0",
                "Size": "48KB",
                "USize": 49152
            },
            "wphr_usermeta": {
                "Case": 0,
                "Rows": "26",
                "Size": "48KB",
                "USize": 49152
            },
            "wphr_users": {
                "Case": 0,
                "Rows": "0",
                "Size": "64KB",
                "USize": 65536
            },
            "wphr_wpforms_tasks_meta": {
                "Case": 0,
                "Rows": "2",
                "Size": "16KB",
                "USize": 16384
            }
        },
        "RawSize": 7438336
    },
    "LL": {
        "TotalSize": "7.09MB",
        "Status": {
            "TotalSize": "Good"
        }
    }
}